{
  "adapter_out": "runs/rl_multiturn_grpo_pilot/run1_valuefree_mask_mixed_g4_step200/adapter_model",
  "elapsed_seconds": 13919.958516536048,
  "gate_note": "SFT warm-start is abandoned; this pilot starts from Run-1 copy-grounded checkpoint.",
  "grammar_forced_tokens_masked": 87075,
  "group_size": 4,
  "last_step": {
    "advantages": [
      0.577350914478302,
      -1.7320491075515747,
      0.577350914478302,
      0.577350914478302
    ],
    "episode_id": "e279e98f-095a-4d44-9c2d-170b3cfdc4bb",
    "examples": 11,
    "grad_norm": 7.864014148712158,
    "grammar_forced_tokens_masked": 460,
    "group_episode_ids": [
      "e279e98f-095a-4d44-9c2d-170b3cfdc4bb",
      "ec0e73f1-1f85-4963-b840-4a7e76b1c5b3",
      "5790a757-bbe7-49d7-9fbd-d98cf3e0fd45",
      "6de2be31-985e-413a-ae33-4c1140070920"
    ],
    "loss": -1.2231276035308838,
    "mean_logprob": -0.9698704481124878,
    "policy_tokens": 122,
    "reward_mean": 0.9902777777777778,
    "rewards": [
      1.0,
      0.9611111111111111,
      1.0,
      1.0
    ],
    "rollout_seconds": 59.258585958974436,
    "rollouts": [
      {
        "advantage": 0.577350914478302,
        "audit_clean": true,
        "episode_exact_all_turns": true,
        "episode_id": "e279e98f-095a-4d44-9c2d-170b3cfdc4bb",
        "exact_turns": 3,
        "group_idx": 0,
        "reward": 1.0,
        "turn_rewards": [
          1.0,
          1.0,
          1.0
        ],
        "turns": 3
      },
      {
        "advantage": -1.7320491075515747,
        "audit_clean": true,
        "episode_exact_all_turns": false,
        "episode_id": "ec0e73f1-1f85-4963-b840-4a7e76b1c5b3",
        "exact_turns": 2,
        "group_idx": 1,
        "reward": 0.9611111111111111,
        "turn_rewards": [
          0.8833333333333333,
          1.0,
          1.0
        ],
        "turns": 3
      },
      {
        "advantage": 0.577350914478302,
        "audit_clean": true,
        "episode_exact_all_turns": true,
        "episode_id": "5790a757-bbe7-49d7-9fbd-d98cf3e0fd45",
        "exact_turns": 3,
        "group_idx": 2,
        "reward": 1.0,
        "turn_rewards": [
          1.0,
          1.0,
          1.0
        ],
        "turns": 3
      },
      {
        "advantage": 0.577350914478302,
        "audit_clean": true,
        "episode_exact_all_turns": true,
        "episode_id": "6de2be31-985e-413a-ae33-4c1140070920",
        "exact_turns": 2,
        "group_idx": 3,
        "reward": 1.0,
        "turn_rewards": [
          1.0,
          1.0
        ],
        "turns": 2
      }
    ],
    "step": 200,
    "step_seconds": 64.66523817693815,
    "turns": 3,
    "update_seconds": 5.406568274018355,
    "zero_advantage": false
  },
  "mean_reward": 0.8894861111111106,
  "nonzero_advantage_steps": 166,
  "policy_tokens": 18516,
  "status": "pilot_complete",
  "steps": 200,
  "trainable_params": 18112512,
  "warm_start": "runs/flare_redesign_run1_copy_grounded_qwen35_9b"
}
